data_name,ARS,NMI,ACC,Time
nyc_checkin,0.617472057149189,0.6040193455124576,0.8930008045052292,0.43535304069519043
